City,Cloudiness,Country,Date,Humidity,Latitude,Longitude,Temperature,Wind Speed
mount isa,0,AU,1573203976,7,-20.73,139.49,96.8,16.11
punta arenas,75,CL,1573203977,86,-53.16,-70.91,37.4,14.99
kapaa,1,US,1573203977,83,22.08,-159.32,71.6,8.05
tuktoyaktuk,100,CA,1573203977,92,69.44,-133.03,10.15,7.87
mpika,39,ZM,1573203977,30,-11.84,31.4,87.35,10.22
tilichiki,0,RU,1573203977,78,60.47,166.1,18.81,7.76
ushuaia,75,AR,1573203977,80,-54.81,-68.31,35.6,13.87
clyde river,90,CA,1573203978,78,70.47,-68.59,17.6,10.29
havelock,90,US,1573203831,87,34.88,-76.9,59.0,19.46
mataura,100,NZ,1573203978,55,-46.19,168.86,51.35,2.46
pevek,4,RU,1573203978,58,69.7,170.27,20.5,14.25
ati,1,TD,1573203978,12,13.21,18.34,93.02,13.24
rafaela,0,AR,1573203978,85,-31.25,-61.49,60.51,5.14
arraial do cabo,40,BR,1573203979,94,-22.97,-42.02,71.6,3.36
hovd,20,NO,1573203979,85,63.83,10.7,23.0,5.82
kristiansund,20,NO,1573203979,63,63.12,7.73,32.0,4.7
taolanaro,20,NO,1573203979,63,63.12,7.73,32.0,4.7
attawapiskat,20,NO,1573203979,63,63.12,7.73,32.0,4.7
vardo,1,US,1573203979,47,39.62,-77.74,37.4,17.22
springdale,1,US,1573203960,79,36.19,-94.13,28.4,8.05
kysyl-syr,0,RU,1573203980,94,63.9,122.77,-13.71,1.72
thompson,90,CA,1573203738,78,55.74,-97.86,10.4,1.68
bara,63,NG,1573203980,19,10.41,10.6,89.73,2.71
wexford,90,US,1573203812,79,40.63,-80.06,28.4,8.05
victoria,75,BN,1573203786,70,5.28,115.24,84.2,5.82
port alfred,40,ZA,1573203981,61,-33.59,26.89,68.79,14.52
cabo san lucas,100,MX,1573203981,70,22.89,-109.91,73.11,1.68
nizhneyansk,100,MX,1573203981,70,22.89,-109.91,73.11,1.68
hermanus,3,ZA,1573203981,75,-34.42,19.24,63.54,19.01
wewak,100,PG,1573203981,87,-3.55,143.63,75.69,7.38
bredasdorp,75,ZA,1573203982,52,-34.53,20.04,66.2,9.17
pisco,75,PE,1573203982,82,-13.71,-76.2,60.8,1.12
tumannyy,75,PE,1573203982,82,-13.71,-76.2,60.8,1.12
dikson,70,RU,1573203982,98,73.51,80.55,-5.48,10.56
carnarvon,1,ZA,1573203982,15,-30.97,22.13,69.8,10.07
santiago del estero,0,AR,1573203982,60,-27.8,-64.26,68.65,4.99
male,43,UA,1573203983,80,50.74,33.7,51.01,8.39
atuona,1,PF,1573203983,80,-9.8,-139.03,79.59,14.0
tasiilaq,100,GL,1573203983,55,65.61,-37.64,37.4,41.38
thinadhoo,35,MV,1573203983,68,0.53,72.93,82.76,7.43
hithadhoo,2,MV,1573203706,67,-0.6,73.08,82.63,5.46
kodiak,1,US,1573203984,62,39.95,-94.76,23.0,5.82
turka,87,RU,1573203984,64,52.95,108.22,42.31,3.47
yellowknife,90,CA,1573203984,85,62.45,-114.38,10.4,4.7
olafsvik,90,CA,1573203984,85,62.45,-114.38,10.4,4.7
talnakh,20,RU,1573203984,75,69.49,88.39,-14.81,11.18
kawalu,26,ID,1573203984,55,-7.38,108.21,81.9,6.78
georgetown,20,GY,1573203985,100,6.8,-58.16,75.2,4.7
chuy,4,UY,1573203985,93,-33.69,-53.46,60.17,8.3
itaueira,93,BR,1573203985,44,-7.6,-43.03,78.62,7.27
coachella,1,US,1573203985,21,33.68,-116.18,64.4,8.68
odesskoye,100,RU,1573203985,87,54.21,72.97,40.91,19.55
tura,100,RU,1573203918,95,64.27,100.22,13.1,5.88
hays,1,US,1573203892,68,38.88,-99.33,24.8,4.7
lompoc,90,US,1573203986,93,34.64,-120.46,53.6,8.93
okha,99,RU,1573203986,86,53.59,142.95,24.55,15.41
songea,75,TZ,1573203986,54,-10.68,35.65,78.8,11.41
esperance,0,AU,1573203986,56,-33.86,121.89,68.0,19.46
kruisfontein,91,ZA,1573203987,71,-34.0,24.73,63.46,11.12
hobart,20,AU,1573203987,57,-42.88,147.33,48.2,11.41
myitkyina,100,MM,1573203987,47,25.38,97.4,84.78,3.15
lasa,0,CY,1573203987,39,34.92,32.53,80.6,5.82
beyneu,37,KZ,1573203987,55,45.32,55.19,51.28,11.16
busselton,0,AU,1573203988,49,-33.64,115.35,75.69,7.52
honjo,75,JP,1573203988,57,39.38,140.05,50.0,12.75
rikitea,67,PF,1573203988,82,-23.12,-134.97,74.14,7.52
new norfolk,20,AU,1573203988,57,-42.78,147.06,48.2,11.41
vaini,40,IN,1573203988,51,15.34,74.49,84.2,4.7
college,90,US,1573203988,79,64.86,-147.8,23.0,4.7
igualada,33,ES,1573203989,57,41.58,1.62,53.6,6.93
merauke,100,ID,1573203989,87,-8.49,140.4,77.95,2.77
port-cartier,5,CA,1573203989,85,50.03,-66.88,14.0,6.93
kalachinsk,100,RU,1573203989,87,55.05,74.58,41.02,19.37
cuamba,13,MZ,1573203989,31,-14.8,36.54,94.57,7.99
lazaro cardenas,100,MX,1573203990,80,28.39,-105.62,57.22,3.76
terrace bay,0,CA,1573203837,68,48.78,-87.1,14.05,2.73
nikolskoye,90,RU,1573203990,92,59.7,30.79,28.4,6.71
nara,20,JP,1573203990,42,34.68,135.8,62.6,16.11
asmar,92,AF,1573203990,38,35.03,71.36,51.57,1.28
creston,1,CA,1573203991,79,49.1,-116.52,28.4,3.36
sinnamary,69,GF,1573203991,82,5.38,-52.96,81.61,15.86
bethel,90,US,1573203712,100,60.79,-161.76,30.2,6.93
fenelon falls,1,CA,1573203991,85,44.54,-78.74,19.4,5.82
mahebourg,75,MU,1573203991,61,-20.41,57.7,78.8,17.22
nago,75,IT,1573203992,93,45.88,10.89,50.0,4.7
bluff,0,AU,1573203992,12,-23.58,149.07,85.95,12.68
karratha,94,AU,1573203992,59,-20.74,116.85,82.6,17.16
ponta do sol,100,BR,1573203992,93,-20.63,-46.0,68.7,1.66
galgani,100,BR,1573203992,93,-20.63,-46.0,68.7,1.66
coro,100,VE,1573203993,83,11.41,-69.67,78.58,14.56
butaritari,66,KI,1573203993,65,3.07,172.79,84.99,5.32
sao filipe,100,CV,1573203993,80,14.9,-24.5,74.07,16.6
monrovia,20,LR,1573203848,94,6.33,-10.8,78.8,4.56
puerto ayora,95,EC,1573203993,91,-0.74,-90.35,68.94,6.15
waipawa,0,NZ,1573203994,94,-39.94,176.59,56.03,0.49
ugoofaaru,100,MV,1573203994,71,5.67,73.0,83.05,6.49
albany,1,US,1573203963,73,42.65,-73.75,26.6,5.82
taber,40,CA,1573203994,56,49.79,-112.14,41.0,29.97
batemans bay,33,AU,1573203994,90,-35.71,150.18,45.93,2.53
tiksi,88,RU,1573203994,93,71.64,128.87,-6.45,7.65
sokna,75,NO,1573203995,79,60.24,9.92,26.6,13.87
klaksvik,21,FO,1573203995,86,62.23,-6.59,26.6,1.12
cape town,0,ZA,1573203995,43,-33.93,18.42,69.8,5.82
sinop,60,TR,1573203995,68,42.03,35.15,66.2,5.82
avarua,100,CK,1573203995,88,-21.21,-159.78,73.4,5.82
mar del plata,0,AR,1573203996,42,-46.43,-67.52,46.29,8.14
rio cuarto,0,AR,1573203996,67,-33.13,-64.35,60.8,5.82
antalaha,79,MG,1573203996,79,-14.9,50.28,79.23,12.5
jamestown,2,AU,1573203996,54,-33.21,138.6,52.36,13.65
kinchil,40,MX,1573203996,94,20.92,-89.95,75.2,8.05
viedma,100,AR,1573203997,74,-40.81,-62.99,48.36,10.54
saldanha,3,PT,1573203997,79,41.42,-6.55,42.08,10.92
cache creek,20,CA,1573203997,92,50.81,-121.33,35.6,3.36
santo domingo,40,DO,1573203977,100,18.48,-69.94,73.4,5.82
barentsburg,40,DO,1573203977,100,18.48,-69.94,73.4,5.82
chingirlau,100,KZ,1573203997,70,51.09,54.08,49.71,12.08
nakanojo,0,JP,1573203998,68,36.61,138.81,44.19,9.04
longyearbyen,20,NO,1573203998,78,78.22,15.63,17.6,6.93
juneau,90,US,1573203998,100,58.3,-134.42,41.0,0.45
norman wells,90,CA,1573203998,92,65.28,-126.83,12.2,13.87
saint-philippe,90,CA,1573203998,68,45.36,-73.48,28.4,11.41
haines junction,100,CA,1573203998,98,60.75,-137.51,30.79,4.36
la palma,100,CO,1573203999,97,5.36,-74.39,66.6,2.26
gibara,5,CU,1573203999,100,21.11,-76.13,73.4,2.24
castro,100,CL,1573203999,85,-42.48,-73.76,36.48,2.77
qaanaaq,0,GL,1573203999,62,77.48,-69.36,-3.81,7.29
belushya guba,0,GL,1573203999,62,77.48,-69.36,-3.81,7.29
hokitika,51,NZ,1573203999,94,-42.72,170.96,58.6,17.38
arlit,0,NE,1573204000,10,18.74,7.39,92.08,9.66
broome,75,GB,1573204000,100,52.47,1.45,41.0,6.93
abu samrah,0,SY,1573204000,30,35.3,37.18,74.91,9.75
kahului,75,US,1573204000,83,20.89,-156.47,77.0,12.75
luderitz,23,NA,1573204000,40,-26.65,15.16,73.4,3.36
gallup,1,US,1573203982,92,35.53,-108.74,30.2,0.07
thiruvananthapuram,75,IN,1573203833,66,8.48,76.92,87.8,9.17
jiuquan,100,CN,1573204001,35,39.73,98.49,41.94,3.69
souillac,75,FR,1573204001,93,45.6,-0.6,46.4,6.93
yar-sale,0,RU,1573204001,92,66.83,70.83,-6.65,13.76
berlevag,75,NO,1573204002,92,70.86,29.09,21.2,9.17
laguna,75,BZ,1573204002,100,16.17,-88.94,75.2,2.64
kurilsk,19,RU,1573204002,72,45.23,147.88,33.08,7.76
leh,99,IN,1573204002,54,34.16,77.58,25.07,2.57
vestmanna,0,FO,1573204002,86,62.16,-7.17,26.6,1.12
maltahohe,13,NA,1573204003,15,-24.83,16.98,80.19,10.54
oktyabrskoye,90,RU,1573204003,96,56.73,85.44,32.0,17.9
saint anthony,1,US,1573204003,73,43.97,-111.68,24.8,3.36
provideniya,0,RU,1573204003,77,64.42,-173.23,20.8,14.41
fortuna,90,US,1573204004,100,40.6,-124.16,48.2,6.93
galle,0,GN,1573204004,73,10.08,-12.83,80.08,0.27
iqaluit,5,CA,1573204004,78,63.75,-68.52,12.2,17.22
tebingtinggi,100,ID,1573204004,90,3.33,99.16,75.25,1.07
chilca,75,PE,1573204004,76,-13.22,-72.34,48.2,3.0
balkhash,44,KZ,1573204004,31,46.84,74.98,41.0,11.18
caravelas,8,BR,1573204007,90,-17.73,-39.27,71.24,7.99
akdepe,0,TM,1573204007,18,42.05,59.39,60.8,6.93
villa guerrero,68,MX,1573204008,72,21.98,-103.59,60.69,2.75
faanui,18,PF,1573204008,80,-16.48,-151.75,80.98,18.99
codrington,0,AU,1573204008,7,-28.95,153.24,95.0,10.29
shimanovsk,0,RU,1573204008,78,52.0,127.67,11.86,7.09
uk,0,RU,1573204008,78,52.0,127.67,11.86,7.09
hasaki,20,JP,1573204009,66,35.73,140.83,55.4,5.82
pangnirtung,79,CA,1573204009,62,66.15,-65.72,15.21,1.92
maldonado,0,UY,1573203808,76,-34.91,-54.96,57.2,6.93
barrow,33,AR,1573204009,77,-38.31,-60.23,40.28,8.39
tubmanburg,11,LR,1573204009,81,6.87,-10.82,81.34,1.43
tongliao,0,CN,1573204009,49,43.61,122.27,40.14,6.76
cherskiy,100,RU,1573204010,71,68.75,161.3,18.43,3.4
evensk,47,RU,1573204010,78,61.92,159.24,22.86,11.86
samalaeulu,47,RU,1573204010,78,61.92,159.24,22.86,11.86
ancud,100,CL,1573204010,77,-41.87,-73.83,41.86,1.3
chara,40,GR,1573204010,72,39.42,22.43,64.4,4.14
dinguiraye,0,GN,1573204010,57,11.29,-10.71,82.42,2.59
narasannapeta,100,IN,1573204011,63,18.42,84.04,80.82,10.51
barbar,100,IN,1573204011,63,18.42,84.04,80.82,10.51
hami,55,CN,1573204011,34,42.84,93.51,47.23,13.15
saint george,40,GR,1573204011,72,39.45,22.34,64.4,4.14
ilorin,75,NG,1573203962,88,8.5,4.55,78.8,5.82
goderich,91,CA,1573204011,95,43.74,-81.71,22.51,3.89
ribeira grande,75,PT,1573204012,77,38.52,-28.7,60.8,4.7
antalya,0,TR,1573203931,29,36.9,30.69,78.8,4.7
rio gallegos,20,AR,1573204012,86,-51.62,-69.22,33.8,16.11
santa marta,100,CO,1573204012,83,11.24,-74.21,62.98,4.45
didwana,6,IN,1573204012,29,27.4,74.58,84.04,8.75
kargil,75,PK,1573204013,46,34.56,76.13,28.38,4.29
santa maria,40,BR,1573204013,88,-16.02,-48.01,69.8,2.24
auki,66,NG,1573204013,20,12.18,6.51,86.34,4.65
dalbandin,0,PK,1573204013,7,28.9,64.41,68.94,4.76
zhigansk,53,RU,1573204013,96,66.77,123.37,-21.14,8.34
khatanga,94,RU,1573204014,91,71.98,102.47,-9.77,13.27
rocha,0,UY,1573203866,91,-34.48,-54.34,51.96,4.99
bilma,0,NE,1573204014,11,18.69,12.92,91.72,8.79
lagoa,20,PT,1573204014,76,37.14,-8.45,55.4,3.36
phuket,40,TH,1573203758,69,7.89,98.4,86.0,6.93
kavieng,71,PG,1573204014,74,-2.57,150.8,84.22,9.28
poum,75,MK,1573204015,67,41.28,20.71,57.2,3.36
tuatapere,65,NZ,1573204015,99,-46.13,167.69,45.36,4.9
dudinka,20,RU,1573203774,75,69.41,86.18,-14.81,11.18
beloha,0,MG,1573204015,12,-25.17,45.06,102.79,14.27
praia da vitoria,40,PT,1573204015,100,38.73,-27.07,59.0,8.5
saskylakh,10,RU,1573204015,98,71.97,114.09,-25.1,6.85
vanimo,100,PG,1573204016,73,-2.67,141.3,83.16,7.99
mehamn,75,NO,1573204016,92,71.03,27.85,30.2,9.17
xinyu,0,CN,1573204016,39,27.8,114.93,68.38,6.51
riyadh,9,SA,1573204016,18,24.63,46.72,89.6,9.17
chapais,90,CA,1573204016,85,49.78,-74.86,21.2,10.29
kaz,100,RU,1573204016,74,53.11,87.55,36.93,4.56
vaitupu,100,RU,1573204016,74,53.11,87.55,36.93,4.56
sur,55,OM,1573204017,33,22.57,59.53,84.97,10.51
alexander city,90,US,1573204017,87,32.94,-85.95,55.4,9.17
sangar,93,RU,1573204017,99,63.92,127.47,-23.59,1.92
marsh harbour,23,BS,1573203916,77,26.54,-77.06,78.1,3.91
barcelos,98,BR,1573204018,81,-0.97,-62.93,74.55,2.84
viligili,98,BR,1573204018,81,-0.97,-62.93,74.55,2.84
bandarbeyla,0,SO,1573204018,65,9.49,50.81,81.39,5.06
severnyy,0,SO,1573204018,65,9.49,50.81,81.39,5.06
hilo,1,US,1573204018,73,19.71,-155.08,73.4,8.05
macusani,100,PE,1573204018,84,-14.07,-70.43,35.83,0.89
tiznit,0,MA,1573204019,31,29.7,-9.73,65.57,0.85
diffa,0,NE,1573204019,12,13.32,12.61,91.69,10.38
karasburg,65,NA,1573204019,13,-28.01,18.75,77.61,12.77
san quintin,10,PH,1573204019,85,17.54,120.52,80.2,4.79
kropotkin,100,RU,1573204019,35,45.43,40.58,70.75,4.9
viloco,59,BO,1573204020,90,-16.87,-67.5,39.96,3.18
richards bay,100,ZA,1573204020,78,-28.77,32.06,69.44,15.84
cartagena,20,ES,1573204020,47,37.63,-1.0,57.2,8.05
coihaique,100,CL,1573204020,93,-45.58,-72.07,37.4,3.36
grindavik,90,IS,1573204020,93,63.84,-22.43,39.2,27.51
alekseyevskoye,5,RU,1573204020,47,45.2,43.58,62.74,8.9
tasbuget,5,RU,1573204020,47,45.2,43.58,62.74,8.9
vila velha,40,BR,1573204021,74,-3.71,-38.6,78.8,9.17
strezhevoy,93,RU,1573204021,78,60.73,77.6,10.4,6.71
cairns,4,AU,1573204021,69,-16.92,145.77,77.0,3.36
scarborough,97,GB,1573204021,87,54.28,-0.41,44.6,11.41
parintins,66,BR,1573204021,75,-2.63,-56.73,76.66,3.13
log,90,SI,1573204022,100,46.0,15.32,42.8,2.24
panguna,100,PG,1573204022,97,-6.32,155.48,71.56,2.37
tarko-sale,96,RU,1573204022,94,64.92,77.78,-0.41,15.21
saleilua,96,RU,1573204022,94,64.92,77.78,-0.41,15.21
eureka,90,US,1573204022,100,40.8,-124.16,48.2,6.93
san patricio,29,PY,1573204023,98,-26.98,-56.83,68.81,4.12
moree,0,AU,1573204023,14,-29.46,149.84,84.2,24.16
mutsamudu,0,AU,1573204023,14,-29.46,149.84,84.2,24.16
constitucion,94,MX,1573204023,74,23.99,-104.67,61.11,4.74
dumai,98,ID,1573204023,77,1.68,101.45,80.98,2.71
north bend,90,US,1573204024,100,43.41,-124.22,42.8,2.48
amderma,90,US,1573204024,100,43.41,-124.22,42.8,2.48
rakaia,64,NZ,1573204024,40,-43.76,172.02,69.8,6.93
alice springs,0,AU,1573204024,11,-23.7,133.88,89.6,11.41
nizhniy tsasuchey,6,RU,1573204024,67,50.52,115.13,31.51,3.67
yerofey pavlovich,0,RU,1573204024,84,53.97,121.97,6.03,2.57
okhotsk,100,RU,1573204025,80,59.36,143.24,29.82,10.31
talcahuano,100,CL,1573204025,87,-36.72,-73.12,51.8,5.82
ustyuzhna,87,RU,1573204025,91,58.84,36.43,28.22,5.55
deputatskiy,36,RU,1573204025,93,69.3,139.9,-9.77,2.77
husavik,96,CA,1573204025,74,50.56,-96.99,16.07,12.97
kaputa,68,ZM,1573204026,38,-8.47,29.66,87.69,6.04
tsihombe,68,ZM,1573204026,38,-8.47,29.66,87.69,6.04
kaitangata,100,NZ,1573204026,71,-46.28,169.85,56.59,8.55
grand river south east,100,NZ,1573204026,71,-46.28,169.85,56.59,8.55
kanigiri,71,IN,1573204026,58,15.41,79.51,87.15,5.73
aklavik,90,CA,1573204027,72,68.22,-135.01,10.4,11.41
skjaerhollen,90,CA,1573204027,72,68.22,-135.01,10.4,11.41
mokhotlong,27,LS,1573204027,12,-29.29,29.06,65.89,22.24
bengkulu,27,LS,1573204027,12,-29.29,29.06,65.89,22.24
meadow lake,100,CA,1573204027,90,54.13,-108.44,19.67,4.99
mys shmidta,100,CA,1573204027,90,54.13,-108.44,19.67,4.99
kununurra,42,AU,1573204028,15,-15.77,128.74,104.0,5.82
palmer,40,AU,1573204028,47,-34.85,139.16,59.0,18.34
ilulissat,100,GL,1573204028,31,69.22,-51.1,35.6,18.34
nagram,0,IN,1573204028,39,26.62,81.14,84.2,2.24
lebu,30,ET,1573204028,44,8.96,38.73,69.31,4.52
rolim de moura,30,ET,1573204028,44,8.96,38.73,69.31,4.52
celestun,0,MX,1573204029,79,20.87,-90.4,80.37,13.65
keningau,75,MY,1573204030,83,5.33,116.16,82.4,5.82
prince rupert,90,CA,1573204030,100,54.32,-130.32,50.0,10.29
eloy,1,US,1573204030,44,32.76,-111.56,60.8,7.27
dagana,86,MR,1573204031,40,16.52,-15.51,73.4,2.24
leningradskiy,83,RU,1573204031,81,69.38,178.42,18.41,15.7
zyryanka,95,RU,1573204031,96,65.73,150.89,-0.13,6.8
port macquarie,90,AU,1573204031,60,-31.43,152.91,86.0,8.05
gidam,69,IN,1573204031,47,18.98,81.4,80.28,6.98
bikaner,0,IN,1573204032,23,28.02,73.32,82.04,11.48
tyukhtet,100,RU,1573204032,96,56.54,89.31,32.04,21.72
port elizabeth,40,US,1573204032,74,39.31,-74.98,42.8,4.7
camacupa,32,AO,1573204032,62,-12.02,17.48,76.77,4.23
seoul,1,KR,1573203856,31,37.57,126.98,51.8,1.12
nemuro,20,JP,1573203739,55,43.32,145.57,33.8,6.93
dunda,0,IN,1573204033,30,30.62,78.32,70.86,5.28
cidreira,0,BR,1573204033,86,-30.17,-50.22,68.23,5.37
chokurdakh,90,RU,1573204033,98,70.62,147.9,-7.37,5.35
east london,75,ZA,1573203929,49,-33.02,27.91,71.6,17.22
elliot lake,90,CA,1573204033,68,46.37,-82.65,24.8,8.05
banda aceh,89,ID,1573204033,80,5.56,95.32,80.47,2.82
adamovka,100,RU,1573204034,81,51.52,59.94,39.34,13.09
yanchukan,100,RU,1573204034,81,51.52,59.94,39.34,13.09
naze,75,NG,1573204034,88,5.43,7.07,82.4,2.82
vicuna,75,NG,1573204034,88,5.43,7.07,82.4,2.82
erenhot,0,CN,1573204034,35,43.65,111.97,41.56,6.46
la seyne-sur-mer,48,FR,1573204034,62,43.1,5.88,53.6,3.36
itoman,40,JP,1573204035,60,26.12,127.67,75.2,20.8
jishou,10,CN,1573204035,61,28.26,109.7,63.27,2.73
kosonsoy,0,UZ,1573204035,40,41.25,71.55,53.6,4.7
umzimvubu,0,UZ,1573204035,40,41.25,71.55,53.6,4.7
illoqqortoormiut,0,UZ,1573204035,40,41.25,71.55,53.6,4.7
yuancheng,0,UZ,1573204035,40,41.25,71.55,53.6,4.7
luau,18,CD,1573204036,53,-10.7,22.23,83.93,3.91
cabedelo,75,BR,1573204036,94,-6.97,-34.84,75.2,4.7
tsiroanomandidy,94,MG,1573204036,17,-18.77,46.05,95.02,1.86
airai,8,TL,1573204036,73,-8.93,125.41,73.27,5.86
vao,97,EE,1573204036,93,59.1,26.19,36.9,4.61
lavrentiya,0,RU,1573204036,75,65.58,-170.99,28.45,22.41
flinders,42,AU,1573204037,39,-34.58,150.85,62.6,19.46
kamaishi,75,JP,1573204037,64,39.28,141.86,46.4,2.24
masasi,0,TZ,1573204037,45,-10.73,38.81,89.64,8.48
arrecife,0,TZ,1573204037,45,-10.73,38.81,89.64,8.48
davlekanovo,90,RU,1573204037,74,54.22,55.03,35.6,8.95
upernavik,0,GL,1573204037,65,72.79,-56.15,5.77,7.76
kisangani,96,CD,1573204038,55,0.52,25.21,87.73,2.13
olinda,40,AU,1573204038,70,-37.84,145.39,48.2,11.41
bacuit,40,AU,1573204038,70,-37.84,145.39,48.2,11.41
barguzin,3,RU,1573204038,87,53.62,109.63,28.96,3.94
mahbubnagar,54,IN,1573204038,58,16.74,77.99,85.05,5.37
kassala,0,SD,1573204038,26,15.45,36.38,94.84,4.0
ust-ishim,100,RU,1573204039,86,57.69,71.17,24.13,12.71
kanniyakumari,44,IN,1573204039,78,8.08,77.57,82.74,17.31
hambantota,75,LK,1573204039,84,6.12,81.12,86.0,12.75
asau,75,LK,1573204039,84,6.12,81.12,86.0,12.75
macheng,0,CN,1573204039,34,31.18,115.03,66.07,2.28
povoa de varzim,20,PT,1573204039,93,41.38,-8.76,46.4,2.24
paris,90,FR,1573203860,93,48.86,2.35,42.8,4.7
atar,65,MR,1573204040,25,20.52,-13.05,72.09,4.99
sattahip,20,TH,1573203809,58,12.67,100.9,87.8,5.82
dingle,0,PH,1573204040,86,11.0,122.67,78.55,8.48
lata,73,IN,1573204040,79,30.78,78.62,31.1,5.93
yashalta,34,RU,1573204040,51,46.34,42.27,62.69,10.29
hukuntsi,57,BW,1573204041,13,-23.98,21.76,89.15,4.72
maketu,56,NZ,1573204041,99,-37.76,176.45,57.83,2.42
guerrero negro,100,MX,1573204041,78,27.97,-114.04,66.13,6.64
sao jose da coroa grande,54,BR,1573204041,73,-8.9,-35.15,79.93,13.4
buraydah,40,SA,1573204041,35,26.33,43.97,87.8,13.87
ksenyevka,40,SA,1573204041,35,26.33,43.97,87.8,13.87
itarema,15,BR,1573204042,80,-2.92,-39.92,76.01,6.67
khandyga,99,RU,1573204042,98,62.65,135.58,-8.45,1.7
zhumadian,0,CN,1573203760,44,33.01,114.02,65.07,4.21
salalah,20,OM,1573204042,58,17.01,54.1,86.0,6.93
raudeberg,20,NO,1573204042,60,61.99,5.14,32.0,6.93
luzon,1,US,1573204042,87,38.01,-122.25,53.6,1.95
sakakah,1,US,1573204042,87,38.01,-122.25,53.6,1.95
port keats,14,AU,1573204043,60,-14.25,129.55,86.86,13.35
morro bay,90,US,1573203860,93,35.37,-120.85,53.6,5.82
ndele,90,US,1573203860,93,35.37,-120.85,53.6,5.82
kaduqli,0,SD,1573204043,19,11.01,29.72,92.25,11.65
bafia,91,CM,1573204043,77,4.74,11.22,78.22,3.02
umm lajj,0,SA,1573204044,30,25.02,37.27,90.45,11.74
urumqi,0,SA,1573204044,30,25.02,37.27,90.45,11.74
rosario,0,UY,1573204044,68,-34.31,-57.35,63.41,20.47
isangel,11,VU,1573204044,81,-19.55,169.27,71.96,10.04
capreol,90,CA,1573204044,78,46.71,-80.92,15.8,9.17
port augusta,0,AU,1573204044,48,-32.49,137.76,60.8,24.16
namatanai,95,PG,1573204045,74,-3.66,152.44,84.43,9.98
tateyama,20,JP,1573204045,58,36.66,137.31,53.6,1.12
fairbanks,90,US,1573204045,79,64.84,-147.72,21.2,4.7
nampula,75,MZ,1573204045,55,-15.12,39.26,86.0,10.29
yekaterinovka,65,RU,1573204045,39,46.69,38.75,68.47,6.73
shahr-e babak,18,IR,1573204045,22,30.12,55.12,66.09,4.38
gimbi,0,ET,1573204046,52,8.81,37.79,65.08,9.55
waddan,0,LY,1573204046,47,29.16,16.14,68.14,7.25
noumea,90,NC,1573204046,73,-22.28,166.46,71.6,1.12
tagab,20,AF,1573204046,20,34.85,69.65,57.2,3.36
roma,75,IT,1573203941,93,41.89,12.48,64.4,14.99
pavilosta,100,LV,1573204046,100,56.89,21.19,42.8,5.82
sitka,0,US,1573204047,31,37.17,-99.65,32.47,5.53
baykit,100,RU,1573204047,98,61.68,96.39,33.28,9.57
zhezkazgan,91,KZ,1573204047,45,47.8,67.71,48.2,13.42
namibe,100,AO,1573204047,86,-15.19,12.15,73.44,6.82
nizhniy kuranakh,25,RU,1573204047,97,58.84,125.49,-9.28,1.43
adrasmon,0,TJ,1573204047,35,40.65,69.99,55.4,4.47
kaeo,90,NZ,1573204048,93,-35.1,173.78,64.56,14.14
alugan,0,PH,1573204048,79,12.22,125.48,82.98,7.27
taman,96,RU,1573204048,31,45.22,36.72,75.2,4.47
burica,96,RU,1573204048,31,45.22,36.72,75.2,4.47
sarahan,62,IN,1573204048,71,31.51,77.79,37.85,7.7
hamada,75,JP,1573204049,67,34.9,132.08,62.6,3.36
agadir,90,MA,1573204049,100,30.42,-9.58,55.4,3.36
sobolevo,100,RU,1573204049,86,54.43,31.9,44.64,3.89
touros,40,BR,1573204049,88,-5.2,-35.46,73.4,3.36
hauterive,90,CA,1573204049,79,49.18,-68.27,26.6,5.82
najran,0,SA,1573204049,21,17.54,44.22,82.4,6.93
moose factory,75,CA,1573204050,77,51.26,-80.61,5.0,4.7
raduzhnyy,100,RU,1573204050,91,62.1,77.47,4.96,9.24
kupang,20,ID,1573204050,55,-10.16,123.6,89.6,17.22
kenai,40,US,1573204050,93,60.55,-151.26,42.8,3.36
gamboula,97,CF,1573204050,60,4.12,15.14,82.71,3.78
marcona,97,CF,1573204050,60,4.12,15.14,82.71,3.78
alexandria,22,RO,1573203788,58,43.97,25.33,65.79,13.71
papayal,99,EC,1573204051,85,-3.57,-80.23,71.65,2.98
vostok,100,RU,1573204051,92,46.45,135.83,14.61,8.46
san policarpo,0,PH,1573204051,79,12.18,125.51,82.98,7.27
fort-shevchenko,0,KZ,1573204051,72,44.51,50.26,56.48,18.45
binika,100,IN,1573204051,58,21.03,83.8,81.1,5.19
rognan,20,NO,1573204052,67,67.1,15.4,23.0,16.11
kigoma,75,TZ,1573204052,78,-4.88,29.64,77.0,9.17
moron,0,HT,1573204052,83,18.56,-74.26,78.24,3.78
zaranj,0,AF,1573204052,14,30.95,61.86,69.8,13.87
chumikan,100,RU,1573204052,56,54.72,135.31,14.41,19.08
caucaia,40,BR,1573204052,74,-3.73,-38.66,78.8,9.17
gorontalo,0,ID,1573204053,68,0.54,123.06,81.7,3.24
tucurui,100,BR,1573204053,86,-3.77,-49.67,75.38,5.06
ulladulla,100,AU,1573204053,39,-35.36,150.48,62.6,19.46
waingapu,0,ID,1573204053,78,-9.65,120.26,83.16,15.14
labuhan,98,ID,1573204053,59,-2.54,115.51,88.18,3.65
liverpool,0,GB,1573203853,81,53.41,-2.98,42.8,9.17
tres picos,3,MX,1573204054,84,16.23,-93.58,68.36,9.06
muros,75,ES,1573204054,100,42.77,-9.06,42.8,4.7
severo-kurilsk,91,RU,1573204054,93,50.68,156.12,31.01,30.53
ust-kuyga,100,RU,1573204054,97,70.0,135.55,-6.22,4.94
kiama,42,AU,1573204054,39,-34.67,150.86,62.6,19.46
ouesso,99,CG,1573204054,52,1.61,16.05,87.69,4.21
srednekolymsk,100,RU,1573204055,93,67.46,153.71,4.08,3.74
katsuura,20,JP,1573204055,51,33.93,134.5,60.8,5.82
yatou,40,CM,1573204055,79,3.63,9.81,84.2,4.7
havoysund,75,NO,1573204055,92,71.0,24.66,30.2,9.17
bridlington,100,GB,1573204055,87,54.08,-0.19,44.6,11.41
salinas,90,US,1573204055,81,36.67,-121.66,53.6,3.36
aparan,0,AM,1573204056,43,40.59,44.36,57.2,1.12
alofi,0,NU,1573204056,94,-19.06,-169.92,73.4,4.7
mizan teferi,100,ET,1573204056,75,6.99,35.58,72.18,2.24
baicheng,20,CN,1573204056,27,45.61,122.87,36.27,7.45
lock haven,1,US,1573204056,68,41.14,-77.45,32.0,8.05
sorland,75,NO,1573204057,73,67.67,12.69,32.0,13.87
shubarshi,100,KZ,1573204057,81,48.59,57.19,37.11,11.01
port blair,100,IN,1573204057,78,11.67,92.75,82.9,11.72
nome,90,US,1573204057,100,30.04,-94.42,57.2,11.41
cody,1,US,1573203914,30,44.53,-109.06,42.8,4.7
kattivakkam,20,IN,1573204057,49,13.22,80.32,93.2,5.82
kidal,0,ML,1573204058,12,18.44,1.41,90.73,5.84
aquiraz,40,BR,1573204058,74,-3.9,-38.39,78.8,9.17
dolbeau,40,BR,1573204058,74,-3.9,-38.39,78.8,9.17
barkhan,0,PK,1573204058,22,29.9,69.52,63.52,1.32
ijaki,0,PK,1573204058,22,29.9,69.52,63.52,1.32
cap-aux-meules,100,CA,1573204058,98,47.38,-61.86,33.66,23.22
puerto escondido,0,MX,1573204059,70,15.86,-97.07,70.18,5.12
yanam,20,IN,1573204059,66,16.73,82.22,87.8,4.7
makushino,100,RU,1573204059,82,55.21,67.25,33.13,17.94
saleaula,100,RU,1573204059,82,55.21,67.25,33.13,17.94
upington,100,ZA,1573204059,14,-28.46,21.24,77.0,5.82
riberalta,100,BO,1573204059,97,-11.0,-66.08,71.92,1.48
neiafu,0,TO,1573204060,81,-18.65,-173.98,78.03,12.33
boyolangu,2,ID,1573204060,61,-8.09,111.9,82.85,11.9
broken hill,40,AU,1573204060,25,-31.97,141.45,66.2,24.16
mount darwin,0,ZW,1573204060,19,-16.77,31.58,95.72,6.69
tsogni,82,GA,1573204060,81,-2.79,10.1,81.34,10.33
mildura,40,AU,1573204060,33,-34.18,142.16,62.6,17.22
qabis,40,AU,1573204060,33,-34.18,142.16,62.6,17.22
harper,90,US,1573204061,93,30.3,-99.24,39.2,5.82
rawson,20,AR,1573204061,61,-43.3,-65.11,52.39,22.03
teneguiban,20,AR,1573204061,61,-43.3,-65.11,52.39,22.03
sinkat,20,AR,1573204061,61,-43.3,-65.11,52.39,22.03
xining,3,CN,1573204061,35,36.62,101.77,48.16,6.82
warqla,3,CN,1573204061,35,36.62,101.77,48.16,6.82
awjilah,0,LY,1573204062,50,29.14,21.3,76.73,12.33
wukari,41,NG,1573204062,56,7.87,9.78,89.87,0.69
egvekinot,11,RU,1573204062,84,66.32,-179.17,14.59,10.54
nandu,0,CN,1573204062,45,31.44,119.33,64.4,4.47
batagay,91,RU,1573204062,96,67.65,134.64,-5.59,2.28
torbay,75,CA,1573204063,80,47.66,-52.73,39.2,14.99
kuytun,12,RU,1573204063,88,54.34,101.51,31.98,4.65
ambilobe,94,MG,1573204063,36,-13.19,49.05,96.15,11.56
rosarito,100,CO,1573204063,86,4.91,-75.23,65.28,3.02
tomatlan,100,MX,1573204063,89,19.93,-105.25,69.3,2.73
slavyanka,0,RU,1573204063,38,42.86,131.39,38.23,9.1
gambo,0,CF,1573204064,49,4.65,22.26,87.91,3.58
talawdi,0,CF,1573204064,49,4.65,22.26,87.91,3.58
segezha,100,RU,1573204064,90,63.74,34.31,23.88,7.87
lorengau,93,PG,1573204064,80,-2.02,147.27,82.33,11.34
meulaboh,100,ID,1573204064,69,4.14,96.13,81.99,4.59
aykhal,90,RU,1573204064,83,65.95,111.51,-11.21,6.71
ostrovnoy,100,RU,1573204064,89,68.05,39.51,17.15,7.61
parati,40,BR,1573204065,100,-20.51,-54.63,71.6,3.36
queenstown,12,ZA,1573204065,27,-31.89,26.88,66.83,5.61
fort nelson,90,CA,1573204065,85,58.81,-122.69,17.6,12.75
masaurhi,75,IN,1573204065,58,25.35,85.03,82.4,4.7
ajdabiya,0,LY,1573204065,48,30.75,20.22,74.23,8.63
rusape,0,ZW,1573204066,19,-18.53,32.12,92.37,4.27
san ignacio,76,PE,1573204066,98,-5.15,-79.0,57.51,1.5
palabuhanratu,76,PE,1573204066,98,-5.15,-79.0,57.51,1.5
portland,75,US,1573204066,68,43.66,-70.25,33.8,10.29
narsaq,100,GL,1573204066,33,60.91,-46.05,44.6,18.34
te anau,93,NZ,1573204066,90,-45.41,167.72,47.41,3.18
comodoro rivadavia,0,AR,1573204067,48,-45.87,-67.48,44.6,9.17
kapoeta,0,AR,1573204067,48,-45.87,-67.48,44.6,9.17
sovetskiy,23,RU,1573204067,55,56.76,48.47,29.68,7.63
olean,90,US,1573203821,79,42.08,-78.43,26.6,9.17
manono,92,CD,1573204067,65,-7.3,27.4,83.23,3.65
burnie,33,AU,1573204067,58,-41.05,145.91,48.72,14.5
nguiu,33,AU,1573204067,58,-41.05,145.91,48.72,14.5
flin flon,100,CA,1573204068,85,54.77,-101.88,13.62,6.11
nishihara,75,JP,1573204068,67,35.74,139.53,60.8,12.75
zaysan,67,KZ,1573204068,38,47.47,84.87,38.97,4.29
ornskoldsvik,99,SE,1573204068,79,63.29,18.72,26.6,5.82
chifeng,48,CN,1573203782,43,42.27,118.96,39.76,1.5
baghdad,0,IQ,1573203791,33,33.3,44.38,75.2,9.17
medicine hat,1,CA,1573204069,68,50.04,-110.68,26.6,12.75
aksaray,0,TR,1573204069,23,38.37,34.03,66.2,4.7
seguela,21,CI,1573204069,77,7.96,-6.67,79.59,3.13
bur gabo,21,CI,1573204069,77,7.96,-6.67,79.59,3.13
jalalabad,20,AF,1573204069,48,34.43,70.46,66.2,2.82
grenchen,75,CH,1573204070,93,47.2,7.4,44.6,2.24
cap malheureux,75,MU,1573204070,61,-19.98,57.61,78.8,17.22
takaungu,40,KE,1573204070,74,-3.68,39.86,84.2,9.17
buala,100,SB,1573204070,78,-8.15,159.59,80.92,2.04
sola,51,TZ,1573204070,40,-3.17,33.8,83.57,7.61
beringovskiy,68,RU,1573204070,93,63.05,179.32,25.11,15.59
yeniseysk,100,RU,1573204071,97,58.45,92.17,32.4,12.12
umm kaddadah,0,SD,1573204071,10,13.6,26.69,87.1,16.49
nageshwari,96,BD,1573204071,53,25.94,89.71,85.44,5.99
pocone,96,BR,1573204071,96,-16.26,-56.62,72.93,1.95
zimmi,27,SL,1573204071,83,7.31,-11.31,80.82,0.34
hirara,40,JP,1573203865,69,24.8,125.28,75.2,19.46
mocuba,78,MZ,1573204072,19,-16.84,36.99,104.27,7.47
ilheus,40,BR,1573204072,100,-14.79,-39.05,73.4,4.7
shimoda,20,JP,1573204072,45,34.7,138.93,62.6,3.36
gorno-chuyskiy,20,JP,1573204072,45,34.7,138.93,62.6,3.36
coolum beach,0,AU,1573204072,46,-26.53,153.09,78.06,7.7
biak,0,ID,1573204072,72,-0.91,122.88,83.05,15.9
jumla,79,NP,1573204072,37,29.28,82.18,57.85,6.55
sataua,79,NP,1573204072,37,29.28,82.18,57.85,6.55
trincomalee,23,LK,1573204073,60,8.58,81.23,88.34,5.7
vetapalem,99,IN,1573204073,69,15.78,80.32,86.0,9.55
samoded,100,RU,1573204073,86,63.61,40.52,18.32,5.17
reconquista,0,AR,1573204074,90,-29.14,-59.64,62.51,6.17
hurghada,0,AR,1573204074,90,-29.14,-59.64,62.51,6.17
nanortalik,93,GL,1573204074,71,60.14,-45.24,34.2,9.33
dukat,21,AL,1573204074,71,40.25,19.57,66.9,8.95
vagur,74,FO,1573204074,58,61.47,-6.81,40.95,10.22
huilong,74,CN,1573204074,71,31.15,106.5,63.16,3.31
santa rosa,67,AR,1573204075,57,-36.62,-64.29,52.86,14.05
jizan,40,SA,1573204075,63,16.89,42.56,91.4,10.29
coahuayana,2,MX,1573204075,88,18.62,-100.35,69.84,2.33
zmeinogorsk,100,RU,1573204075,53,51.15,82.2,40.01,22.03
hit,0,IQ,1573204075,16,33.64,42.83,79.34,8.84
tahoua,0,NE,1573204076,12,14.89,5.26,87.8,11.41
santa cruz,4,BR,1573204076,74,-6.22,-36.02,73.4,9.75
camacha,75,PT,1573204076,55,33.08,-16.33,66.2,11.41
coquimbo,90,CL,1573204076,93,-29.95,-71.34,55.4,4.7
cockburn town,0,TC,1573204076,79,21.46,-71.14,81.45,16.42
pacific grove,90,US,1573204076,81,36.62,-121.92,53.6,3.36
bilibino,100,RU,1573204077,73,68.06,166.44,10.08,3.42
wagrowiec,39,PL,1573204077,87,52.81,17.2,44.6,3.36
kudahuvadhoo,9,MV,1573204077,77,2.67,72.89,82.2,14.38
russell,1,US,1573204077,67,38.9,-98.86,24.8,10.29
taguatinga,40,BR,1573204077,88,-15.83,-48.06,69.8,2.24
tuy hoa,100,VN,1573204077,72,13.08,109.3,79.03,24.49
avera,90,US,1573204077,82,33.19,-82.53,60.8,4.7
lufilufi,75,WS,1573204078,94,-13.87,-171.6,78.8,4.7
muravlenko,100,RU,1573204078,96,63.79,74.5,-3.97,16.55
gazni,100,RU,1573204078,96,63.79,74.5,-3.97,16.55
isabela,4,PH,1573204078,88,10.2,122.99,74.98,6.46
phek,100,IN,1573204078,60,25.7,94.46,73.81,2.42
obra,75,IN,1573204078,37,24.47,82.99,82.53,5.08
bambous virieux,75,MU,1573204079,61,-20.34,57.76,78.8,17.22
nova odessa,70,BR,1573204079,88,-22.78,-47.29,68.0,3.36
san cristobal,65,HN,1573204079,98,14.68,-86.92,64.18,2.73
tutoia,0,BR,1573204079,83,-2.76,-42.27,73.89,5.12
yeppoon,0,AU,1573204079,33,-23.13,150.74,87.8,12.75
yumen,100,CN,1573204079,27,40.29,97.04,50.67,21.16
kichera,100,RU,1573204080,97,55.93,110.1,25.48,5.53
padang,100,ID,1573204080,80,-0.92,100.36,76.21,2.98
fershampenuaz,100,RU,1573204080,85,53.52,59.82,41.32,8.3
pangody,100,RU,1573204080,95,65.85,74.49,-0.42,16.53
khomeynishahr,100,RU,1573204080,95,65.85,74.49,-0.42,16.53
camocim,40,BR,1573204080,77,-2.9,-40.84,76.17,7.9
am timan,0,TD,1573204081,20,11.04,20.28,93.22,4.23
aksu,90,KZ,1573204081,64,52.04,76.93,37.4,22.37
lukovetskiy,75,RU,1573204081,85,64.29,41.92,21.2,8.95
graciano sanchez,100,MX,1573204081,98,23.92,-99.28,56.82,4.21
humaita,40,AR,1573204081,93,-24.93,-65.37,71.6,1.83
valera,98,VE,1573204081,74,9.31,-70.61,67.71,3.38
port lincoln,78,AU,1573204082,59,-34.72,135.86,54.41,16.4
petrolandia,78,AU,1573204082,59,-34.72,135.86,54.41,16.4
ingham,10,AU,1573204082,68,-18.65,146.16,72.7,2.35
watrous,100,CA,1573204082,91,51.67,-105.46,18.57,7.43
weihe,84,CN,1573204083,83,32.99,105.33,50.14,5.73
salinopolis,2,BR,1573204083,81,-0.61,-47.36,81.54,13.69
aksarka,19,RU,1573204083,82,66.56,67.8,-1.56,5.06
naryan-mar,22,RU,1573204083,89,67.67,53.09,8.82,8.14
brigantine,1,US,1573204083,80,39.41,-74.36,42.8,4.7
muzhi,0,RU,1573204084,78,65.4,64.7,9.16,15.46
geraldton,90,CA,1573204084,72,49.72,-86.95,10.4,4.7
haibowan,90,CA,1573204084,72,49.72,-86.95,10.4,4.7
kautokeino,91,NO,1573204084,97,69.01,23.04,3.34,1.39
tiarei,20,PF,1573204084,69,-17.53,-149.33,82.4,6.93
sao joao da barra,86,BR,1573204084,90,-21.64,-41.05,74.59,4.34
bargal,86,BR,1573204084,90,-21.64,-41.05,74.59,4.34
gizo,20,IL,1573204085,37,31.8,34.94,82.4,5.82
lokosovo,80,RU,1573204085,85,61.13,74.84,6.96,10.4
banjar,3,ID,1573204085,49,-7.37,108.54,86.56,6.35
porto velho,20,BR,1573204085,94,-8.75,-63.87,77.0,3.36
hamilton,75,CA,1573204057,85,43.26,-79.87,28.4,5.82
ojinaga,90,US,1573204086,81,29.56,-104.41,51.8,7.83
puerto rondon,4,CO,1573204086,96,6.28,-71.1,72.21,4.65
nassau,75,AT,1573204086,93,46.81,15.34,42.8,2.24
arkhangelsk,75,RU,1573204086,85,64.54,40.54,21.2,8.95
acapulco,40,MX,1573203998,88,16.86,-99.88,78.8,2.82
isla mujeres,20,MX,1573204087,100,21.23,-86.73,73.4,4.7
dzerzhinskoye,100,RU,1573204087,80,56.84,95.22,34.7,11.72
ordu,0,TR,1573204087,49,40.98,37.88,71.6,1.12
kalaleh,0,IR,1573204087,42,37.38,55.49,68.0,4.7
siderno,5,IT,1573204087,55,38.28,16.3,64.4,3.36
bodden town,0,KY,1573204088,79,19.28,-81.25,82.85,12.1
ballangen,0,NO,1573204088,92,68.34,16.83,10.4,14.99
labytnangi,9,RU,1573204088,83,66.66,66.39,1.85,8.1
butembo,100,CD,1573204088,81,0.12,29.29,72.88,2.86
freeport,55,BS,1573204088,77,26.54,-78.7,78.82,5.84
kabwe,0,ZM,1573204089,18,-14.44,28.44,96.46,6.4
san carlos de bariloche,100,AR,1573204089,44,-41.13,-71.31,37.4,4.7
khair,67,IN,1573204089,30,27.94,77.84,84.67,1.81
tarakan,40,ID,1573204089,79,3.3,117.63,86.0,8.84
bathsheba,75,BB,1573204089,78,13.22,-59.52,82.4,13.87
gbarnga,54,LR,1573204090,84,7.0,-9.47,78.64,1.19
grand-santi,51,GF,1573204090,99,4.27,-54.38,72.03,1.86
sentyabrskiy,51,GF,1573204090,99,4.27,-54.38,72.03,1.86
pompeu,40,BR,1573204090,69,-21.05,-48.85,77.0,4.7
dordrecht,0,NL,1573204090,87,51.8,4.68,42.8,9.17
dhidhdhoo,100,MV,1573204090,78,6.88,73.1,82.2,10.2
pozo colorado,97,PY,1573204090,82,-23.49,-58.8,75.56,4.09
khvoynaya,100,RU,1573204091,95,58.9,34.53,28.49,5.37
puerto narino,75,CO,1573204091,100,-3.77,-70.38,75.2,2.24
belmonte,0,PT,1573204091,85,40.36,-7.35,40.51,6.78
bukachacha,100,RU,1573204091,89,52.99,116.91,17.73,2.08
port hedland,53,AU,1573204091,25,-20.31,118.58,98.6,14.99
cumaribo,53,AU,1573204091,25,-20.31,118.58,98.6,14.99
methoni,40,GR,1573204092,72,36.82,21.7,66.2,12.41
